https://a16z.com/2020/06/03/talent-x-opportunity/,Introducing the Talent x Opportunity Fund
https://a16z.com/2020/06/03/what-we-cant-reveal-we-cant-heal-transparency-technology-media/,What We Can’t Reveal We Can’t Heal
https://a16z.com/2020/05/31/16mins-section-230-communications-decency-act-content-moderation-free-speech-internet-past-present-future/,"16 Minutes on the News #32: Section 230, Content Moderation, Free Speech, the Internet"
https://a16z.com/2020/04/18/its-time-to-build/,IT’S TIME TO BUILD
https://a16z.com/2020/05/28/moats-before-gross-margins/,Moats Before (Gross) Margins
https://a16z.com/2020/05/01/covid-and-the-great-rehiring/,COVID-19 and the Great Rehiring
https://a16z.com/2020/05/15/the-crypto-price-innovation-cycle/,The Crypto Price-Innovation Cycle
https://a16z.com/2019/10/08/passion-economy/,The Passion Economy and the Future of Work
https://a16z.com/2020/05/12/sleeper/,Investing in Sleeper
https://a16z.com/2020/05/29/the-rise-of-design-the-etl%e2%86%92elt-shift-it-buyers-and-covid-19-and-more/,The Rise of Design; The ETL→ELT Shift; IT Buyers and COVID-19; and more
