/atlas/state-of-the-cloud-2020/?from=feature,State of the Cloud 2020 
/atlas/building-a-startup-during-a-downturn/?from=feature,Building a startup during a downturn 
/atlas/cloud-giants/?from=feature,Podcast: Cloud Giants
/atlas/founder-resources-for-weathering-covid-19/?from=feature,Founder resources for weathering COVID-19
/atlas/consumer-earthquake-startups/?from=feature,Roadmap: Consumer Earthquakes
/atlas/how-data-privacy-engineering-will-prevent-future-data-oil-spills/?from=feature,Roadmap: Data Privacy Engineering 
/atlas/fintech-for-the-aging/?from=feature,Roadmap: Fintech for the aging 
/atlas/remote-work/?from=feature,Roadmap: Remote Work 
/atlas/2020-healthcare-predictions/?from=feature,2020 Healthcare Predictions 
/atlas/10-laws-of-cloud/?from=feature,Roadmap: 10 laws of cloud
