https://greylock.com/connecting-technical-students-and-tech-startups/,Connecting Technical Students and Tech Startups
https://greylock.com/proof-of-value-is-new-proof-of-concept-insights-from-connecting-large-enterprises-and-startups/,Insights from Connecting Large Enterprises and Startups
https://greylock.com/is-blitzscaling-over/,Is Blitzscaling Over?
https://greylock.com/the-hierarchy-of-needs-for-remote-work-qa-with-askspokes-jay-srinivasan-greylocks-jerry-chen/,The Hierarchy of Needs for Remote Work
https://greylock.com/cybersecurity-during-covid-19qa-with-abnormal-securitys-evan-reiser-and-greylocks-saam-motamedi/,Cybersecurity During COVID-19
https://greylock.com/growing-consumer-brands-that-endure/,Growing Consumer Brands That Endure 
https://greylock.com/finding-opportunity-in-crisis-what-ceos-should-do-right-now/,Finding Opportunity in Crisis: What CEOs Should Do Right Now
https://news.greylock.com/the-state-of-enterprise-software-6ddf041fa9ee,The State of Enterprise Software
https://medium.com/@greylockvc/lessons-learned-growing-successful-marketplaces-1747ddf1e045,Lessons Learned Growing Successful Marketplaces
https://news.greylock.com/chile-entrepreneurs-endeavor-and-global-lessons-with-reid-hoffman-and-wences-casares-71195044bad,"Chile, Entrepreneurs, Endeavor, and Global Lessons with Reid Hoffman and Wences Casares"
